Model,Accuracy,Precision,Recall,F1-Score
Naive Bayes,0.5,0.425,0.43333333333333335,0.4269005847953216
